[
    {
        "category": "Window",
        "types": [
            {
                "type": "Velcro Fit",
                "meshes": [
                    {
                        "name": "Fibreglass Mesh",
                        "image": "img1.jpg",
                        "price": 45
                    },
                    {
                        "name": "Elite Fibreglass",
                        "image": "img2.jpg",
                        "price": 60
                    },
                    {
                        "name": "Tuff Screen",
                        "image": "img3.jpg",
                        "price": 150
                    },
                    {
                        "name": "Pet Screen",
                        "image": "img4.jpg",
                        "price": 167
                    },
                    {
                        "name": "Solar Screen",
                        "image": "img4.jpg",
                        "price": 209
                    }
                ]
            },
            {
                "type": "Classic Window Fit (Door Type)",
                "meshes": [
                    {
                        "name": "SSvue",
                        "image": "img1.jpg",
                        "price": 240
                    },
                    {
                        "name": "Fibreglass",
                        "image": "img2.jpg",
                        "price": 170
                    },
                    {
                        "name": "Aluminium",
                        "image": "img3.jpg",
                        "price": 200
                    },
                    {
                        "name": "Stainless steel",
                        "image": "img4.jpg",
                        "price": 270
                    }
                ]
            },
            {
                "type": "Glossy Roll Fit",
                "meshes": [
                    {
                        "name": "Elite Fibreglass Mesh",
                        "image": "img1.jpg",
                        "price": 350
                    },
                    {
                        "name": "Elite Fibreglass Mesh",
                        "image": "img1.jpg",
                        "price": 380
                    }
                ]
            },
            {
                "type": "Crease Fit Ditto",
                "meshes": [
                    {
                        "name": "Waterproof Mesh",
                        "image": "img1.jpg",
                        "price": 410
                    },
                    {
                        "name": "Waterproof Mesh",
                        "image": "img1.jpg",
                        "price": 450
                    }
                ]
            },
            {
                "type": "Trim Glide Fit",
                "meshes": [
                    {
                        "name": "SSvue",
                        "image": "img1.jpg",
                        "price": 670
                    },
                    {
                        "name": "Fiberglass Mesh",
                        "image": "img1.jpg",
                        "price": 625
                    },
                    {
                        "name": "Elite Fibreglass",
                        "image": "img1.jpg",
                        "price": 635
                    },
                    {
                        "name": "Aluminium Mesh",
                        "image": "img1.jpg",
                        "price": 667
                    },
                    {
                        "name": "SS Mesh",
                        "image": "img1.jpg",
                        "price": 870
                    },
                    {
                        "name": "BRONZE Mesh",
                        "image": "img1.jpg",
                        "price": 992
                    },
                    {
                        "name": "Solar Screen",
                        "image": "img1.jpg",
                        "price": 785
                    },
                    {
                        "name": "Pet Screen",
                        "image": "img1.jpg",
                        "price": 745
                    }
                ]
            }
        ]
    }
]